"Status","Start Time","Stop Time","Duration in ms","Parent Suite","Suite","Sub Suite","Test Class","Test Method","Name","Description"
"passed","Sat Apr 02 17:34:34 CST 2022","Sat Apr 02 17:34:35 CST 2022","777","main","testmain","TestMain","","","使用错误的请求方式POST查询失败",""
"passed","Sat Apr 02 17:37:01 CST 2022","Sat Apr 02 17:37:03 CST 2022","2373","main","testmain","TestMain","","","输入错误URL地址删除购物车商品失败",""
"passed","Sat Apr 02 17:34:40 CST 2022","Sat Apr 02 17:34:40 CST 2022","782","main","testmain","TestMain","","","pageSize为空进行查询失败",""
"passed","Sat Apr 02 17:38:52 CST 2022","Sat Apr 02 17:38:54 CST 2022","1587","main","testmain","TestMain","","","输入错误的请求方式修改默认地址失败PUT",""
"passed","Sat Apr 02 17:38:15 CST 2022","Sat Apr 02 17:38:17 CST 2022","1560","main","testmain","TestMain","","","缺少area2修改地址失败",""
"passed","Sat Apr 02 17:34:12 CST 2022","Sat Apr 02 17:34:13 CST 2022","801","main","testmain","TestMain","","","错误的参数请求方式获取广告栏位数据失败application/json",""
"passed","Sat Apr 02 17:40:11 CST 2022","Sat Apr 02 17:40:14 CST 2022","3145","main","testmain","TestMain","","","缺少list提交订单失败",""
"failed","Sat Apr 02 17:33:47 CST 2022","Sat Apr 02 17:33:48 CST 2022","793","main","testmain","TestMain","","","password5位字符注册失败",""
"passed","Sat Apr 02 17:49:05 CST 2022","Sat Apr 02 17:49:05 CST 2022","775","main","testmain","TestMain","","","错误的请求类型失败DELETE",""
"passed","Sat Apr 02 17:49:20 CST 2022","Sat Apr 02 17:49:21 CST 2022","791","main","testmain","TestMain","","","错误的参数类型兑换失败application/x-www-form-urlencoded",""
"passed","Sat Apr 02 17:35:00 CST 2022","Sat Apr 02 17:35:01 CST 2022","801","main","testmain","TestMain","","","使用正确参数查询成功",""
"passed","Sat Apr 02 17:35:14 CST 2022","Sat Apr 02 17:35:15 CST 2022","779","main","testmain","TestMain","","","输入错误请求参数查询失败multipart/form-data",""
"passed","Sat Apr 02 17:36:51 CST 2022","Sat Apr 02 17:36:52 CST 2022","1592","main","testmain","TestMain","","","参数id不存在编辑失败",""
"broken","Sat Apr 02 17:59:19 CST 2022","Sat Apr 02 18:00:20 CST 2022","61574","main","testmain","TestMain","","","错误的参数类型查询失败multipart/form-data",""
"passed","Sat Apr 02 17:42:08 CST 2022","Sat Apr 02 17:42:08 CST 2022","795","main","testmain","TestMain","","","输入错误URL签到失败",""
"passed","Sat Apr 02 17:45:08 CST 2022","Sat Apr 02 17:45:30 CST 2022","22451","main","testmain","TestMain","","","错误请求方式GET修改密码失败",""
"failed","Sat Apr 02 17:39:15 CST 2022","Sat Apr 02 17:39:15 CST 2022","776","main","testmain","TestMain","","","输入错误类型ID删除地址失败",""
"passed","Sat Apr 02 17:38:42 CST 2022","Sat Apr 02 17:38:44 CST 2022","1572","main","testmain","TestMain","","","输入错误参数请求类型修改地址失败
multipart/form-data",""
"failed","Sat Apr 02 17:39:37 CST 2022","Sat Apr 02 17:39:40 CST 2022","2381","main","testmain","TestMain","","","couponsid为不存在id提交订单失败",""
"passed","Sat Apr 02 17:37:06 CST 2022","Sat Apr 02 17:37:08 CST 2022","2373","main","testmain","TestMain","","","错误请求方式批量删除购物车商品失败（GET）",""
"passed","Sat Apr 02 17:40:45 CST 2022","Sat Apr 02 17:40:50 CST 2022","5009","main","testmain","TestMain","","","错误URL订单发起支付失败",""
"passed","Sat Apr 02 17:42:56 CST 2022","Sat Apr 02 17:42:58 CST 2022","2110","main","testmain","TestMain","","","输入错误URL删除商品失败",""
"passed","Sat Apr 02 17:49:46 CST 2022","Sat Apr 02 17:49:47 CST 2022","789","main","testmain","TestMain","","","PageSize为空查询失败",""
"passed","Sat Apr 02 17:42:45 CST 2022","Sat Apr 02 17:42:49 CST 2022","3715","main","testmain","TestMain","","","goodsid不存在新增失败",""
"passed","Sat Apr 02 17:49:31 CST 2022","Sat Apr 02 17:49:32 CST 2022","798","main","testmain","TestMain","","","正确参数获取通知信息列表成功",""
"passed","Sat Apr 02 17:38:14 CST 2022","Sat Apr 02 17:38:15 CST 2022","1579","main","testmain","TestMain","","","缺少area1修改地址失败",""
"broken","Sat Apr 02 17:50:03 CST 2022","Sat Apr 02 17:51:05 CST 2022","61598","main","testmain","TestMain","","","输入正确信息查询成功",""
"passed","Sat Apr 02 17:33:51 CST 2022","Sat Apr 02 17:33:51 CST 2022","786","main","testmain","TestMain","","","URL错误注册失败",""
"passed","Sat Apr 02 17:48:34 CST 2022","Sat Apr 02 17:48:35 CST 2022","808","main","testmain","TestMain","","","参数正确获取用户信息正确",""
"passed","Sat Apr 02 17:33:37 CST 2022","Sat Apr 02 17:33:38 CST 2022","515","main","testmain","TestMain","","","content-type参数类型错误请求失败application/x-www-form-urlencoded",""
"failed","Sat Apr 02 17:39:31 CST 2022","Sat Apr 02 17:39:34 CST 2022","3185","main","testmain","TestMain","","","使用金额大于商品价格的优惠券失败",""
"passed","Sat Apr 02 17:37:21 CST 2022","Sat Apr 02 17:37:23 CST 2022","2395","main","testmain","TestMain","","","参数请求方式错误批量删除失败multipart/form-data",""
"passed","Sat Apr 02 17:48:29 CST 2022","Sat Apr 02 17:48:29 CST 2022","503","main","testmain","TestMain","","","错误url领取失败",""
"passed","Sat Apr 02 17:42:29 CST 2022","Sat Apr 02 17:42:32 CST 2022","3693","main","testmain","TestMain","","","错误请求方式添加商品到收藏栏失败（GET）",""
"failed","Sat Apr 02 17:33:39 CST 2022","Sat Apr 02 17:33:40 CST 2022","797","main","testmain","TestMain","","","缺少password参数请求失败",""
"passed","Sat Apr 02 17:38:26 CST 2022","Sat Apr 02 17:38:27 CST 2022","1589","main","testmain","TestMain","","","lastname为空修改地址失败",""
"passed","Sat Apr 02 17:49:24 CST 2022","Sat Apr 02 17:49:25 CST 2022","785","main","testmain","TestMain","","","错误的请求方式查询失败POST",""
"passed","Sat Apr 02 17:45:53 CST 2022","Sat Apr 02 17:46:18 CST 2022","24966","main","testmain","TestMain","","","错误请求方式PUT修改密码失败",""
"passed","Sat Apr 02 17:34:21 CST 2022","Sat Apr 02 17:34:21 CST 2022","783","main","testmain","TestMain","","","输入错误URL查询失败",""
"passed","Sat Apr 02 17:49:02 CST 2022","Sat Apr 02 17:49:03 CST 2022","784","main","testmain","TestMain","","","错误URL地址失败",""
"passed","Sat Apr 02 17:48:36 CST 2022","Sat Apr 02 17:48:37 CST 2022","1022","main","testmain","TestMain","","","未登录状态获取用户信息失败",""
"passed","Sat Apr 02 17:48:20 CST 2022","Sat Apr 02 17:48:22 CST 2022","1546","main","testmain","TestMain","","","错误的请求方式兑换失败DELETE",""
"passed","Sat Apr 02 17:38:20 CST 2022","Sat Apr 02 17:38:22 CST 2022","1578","main","testmain","TestMain","","","缺少addressLine修改地址失败",""
"passed","Sat Apr 02 17:34:07 CST 2022","Sat Apr 02 17:34:08 CST 2022","781","main","testmain","TestMain","","","错误的参数类型查询失败application/json",""
"passed","Sat Apr 02 17:44:21 CST 2022","Sat Apr 02 17:44:44 CST 2022","23590","main","testmain","TestMain","","","输入错误的URL修改密码失败",""
"passed","Sat Apr 02 17:35:56 CST 2022","Sat Apr 02 17:36:00 CST 2022","3748","main","testmain","TestMain","","","count参数为负数新增失败",""
"passed","Sat Apr 02 17:46:18 CST 2022","Sat Apr 02 17:46:24 CST 2022","6068","main","testmain","TestMain","","","无参数修改密码失败",""
"passed","Sat Apr 02 17:39:00 CST 2022","Sat Apr 02 17:39:02 CST 2022","1585","main","testmain","TestMain","","","输入错误地址删除地址失败",""
"passed","Sat Apr 02 17:48:08 CST 2022","Sat Apr 02 17:48:09 CST 2022","789","main","testmain","TestMain","","","参数PageSize为空查询失败",""
"passed","Sat Apr 02 17:34:51 CST 2022","Sat Apr 02 17:34:53 CST 2022","1650","main","testmain","TestMain","","","错误请求方式DELETE查询商品详情失败",""
"passed","Sat Apr 02 17:33:43 CST 2022","Sat Apr 02 17:33:44 CST 2022","792","main","testmain","TestMain","","","userAccount输入31个字符注册失败",""
"passed","Sat Apr 02 17:48:30 CST 2022","Sat Apr 02 17:48:30 CST 2022","518","main","testmain","TestMain","","","错误的请求类型领取优惠券失败DELETE",""
"passed","Sat Apr 02 17:40:03 CST 2022","Sat Apr 02 17:40:06 CST 2022","3150","main","testmain","TestMain","","","shopCartId为空提交订单失败",""
"passed","Sat Apr 02 17:35:19 CST 2022","Sat Apr 02 17:35:22 CST 2022","3666","main","testmain","TestMain","","","填写错误URL添加购物车失败",""
"passed","Sat Apr 02 17:37:19 CST 2022","Sat Apr 02 17:37:21 CST 2022","2368","main","testmain","TestMain","","","参数请求方式错误批量删除失败application/x-www-form-urlencoded",""
"failed","Sat Apr 02 17:33:50 CST 2022","Sat Apr 02 17:33:51 CST 2022","805","main","testmain","TestMain","","","password包含中文注册失败",""
"passed","Sat Apr 02 17:37:34 CST 2022","Sat Apr 02 17:37:35 CST 2022","796","main","testmain","TestMain","","","请求方式错误查询失败（PUT）",""
"passed","Sat Apr 02 17:34:19 CST 2022","Sat Apr 02 17:34:20 CST 2022","781","main","testmain","TestMain","","","错误的请求类型查询失败multipart/form-data",""
"passed","Sat Apr 02 17:43:10 CST 2022","Sat Apr 02 17:43:12 CST 2022","2085","main","testmain","TestMain","","","错误参数请求类型删除商品失败",""
"passed","Sat Apr 02 17:34:23 CST 2022","Sat Apr 02 17:34:24 CST 2022","798","main","testmain","TestMain","","","输入错误请求方式查询失败（POST）",""
"passed","Sat Apr 02 17:33:59 CST 2022","Sat Apr 02 17:34:00 CST 2022","800","main","testmain","TestMain","","","输入错误请求方式查询失败PUT",""
"passed","Sat Apr 02 17:34:12 CST 2022","Sat Apr 02 17:34:12 CST 2022","784","main","testmain","TestMain","","","输入错误请求方式PUT获取首页广告栏位数据失败",""
"passed","Sat Apr 02 17:43:49 CST 2022","Sat Apr 02 17:43:50 CST 2022","809","main","testmain","TestMain","","","参数为空获取验证码失败",""
"passed","Sat Apr 02 17:34:31 CST 2022","Sat Apr 02 17:34:32 CST 2022","794","main","testmain","TestMain","","","错误的参数请求方式查询路由失败multipart/form-data",""
"passed","Sat Apr 02 17:49:45 CST 2022","Sat Apr 02 17:49:46 CST 2022","782","main","testmain","TestMain","","","PageNo为空查询失败",""
"passed","Sat Apr 02 17:43:48 CST 2022","Sat Apr 02 17:43:49 CST 2022","796","main","testmain","TestMain","","","错误的请求方式PUT获取验证码失败",""
"passed","Sat Apr 02 17:40:20 CST 2022","Sat Apr 02 17:40:23 CST 2022","3152","main","testmain","TestMain","","","参数类型错误提交订单失败
application/x-www-form-urlencoded",""
"failed","Sat Apr 02 17:38:07 CST 2022","Sat Apr 02 17:38:08 CST 2022","1562","main","testmain","TestMain","","","输入不存在的TYPE修改地址失败",""
"passed","Sat Apr 02 17:34:46 CST 2022","Sat Apr 02 17:34:48 CST 2022","1671","main","testmain","TestMain","","","错误URL查询商品详情失败",""
"passed","Sat Apr 02 17:36:23 CST 2022","Sat Apr 02 17:36:26 CST 2022","2641","main","testmain","TestMain","","","未登录状态编辑购物车失败",""
"passed","Sat Apr 02 17:33:58 CST 2022","Sat Apr 02 17:33:59 CST 2022","796","main","testmain","TestMain","","","输入错误请求方式查询失败POST",""
"passed","Sat Apr 02 17:40:27 CST 2022","Sat Apr 02 17:40:30 CST 2022","3167","main","testmain","TestMain","","","错误的请求方式提交订单失败（GET）",""
"passed","Sat Apr 02 17:42:12 CST 2022","Sat Apr 02 17:42:13 CST 2022","805","main","testmain","TestMain","","","错误参数请求方式签到失败application/json",""
"passed","Sat Apr 02 17:49:15 CST 2022","Sat Apr 02 17:49:16 CST 2022","790","main","testmain","TestMain","","","无参数兑换失败",""
"passed","Sat Apr 02 17:35:48 CST 2022","Sat Apr 02 17:35:52 CST 2022","3783","main","testmain","TestMain","","","goodsid参数丢失新增失败",""
"broken","Sat Apr 02 17:55:14 CST 2022","Sat Apr 02 17:56:15 CST 2022","60793","main","testmain","TestMain","","","无请求参数查询失败",""
"passed","Sat Apr 02 17:43:51 CST 2022","Sat Apr 02 17:43:54 CST 2022","3005","main","testmain","TestMain","","","错误的请求方式获取验证码失败",""
"passed","Sat Apr 02 17:34:29 CST 2022","Sat Apr 02 17:34:30 CST 2022","800","main","testmain","TestMain","","","错误请求方式DELETE查询路由失败",""
"passed","Sat Apr 02 17:34:44 CST 2022","Sat Apr 02 17:34:46 CST 2022","1654","main","testmain","TestMain","","","输入正确信息查询商品详情成功",""
"passed","Sat Apr 02 17:48:27 CST 2022","Sat Apr 02 17:48:28 CST 2022","1566","main","testmain","TestMain","","","错误的参数请求类型兑换失败multipart/form-data",""
"failed","Sat Apr 02 17:39:34 CST 2022","Sat Apr 02 17:39:37 CST 2022","3200","main","testmain","TestMain","","","使用已使用couponsid提交订单失败",""
"passed","Sat Apr 02 17:34:02 CST 2022","Sat Apr 02 17:34:03 CST 2022","781","main","testmain","TestMain","","","输入正确信息查询成功",""
"passed","Sat Apr 02 17:39:19 CST 2022","Sat Apr 02 17:39:21 CST 2022","1568","main","testmain","TestMain","","","错误参数请求类型删除地址失败multipart/form-data",""
"broken","Sat Apr 02 17:56:15 CST 2022","Sat Apr 02 17:57:16 CST 2022","60826","main","testmain","TestMain","","","参数ID为空查询失败",""
"passed","Sat Apr 02 17:49:34 CST 2022","Sat Apr 02 17:49:35 CST 2022","795","main","testmain","TestMain","","","错误请求方式POST获取通知列表失败",""
"passed","Sat Apr 02 17:49:42 CST 2022","Sat Apr 02 17:49:43 CST 2022","1051","main","testmain","TestMain","","","未登录状态查询成功",""
"passed","Sat Apr 02 17:37:11 CST 2022","Sat Apr 02 17:37:13 CST 2022","2379","main","testmain","TestMain","","","错误请求方式批量删除购物车商品失败（PUT）",""
"passed","Sat Apr 02 17:49:12 CST 2022","Sat Apr 02 17:49:13 CST 2022","1040","main","testmain","TestMain","","","未登录状态兑换失败",""
"passed","Sat Apr 02 17:37:57 CST 2022","Sat Apr 02 17:37:58 CST 2022","805","main","testmain","TestMain","","","参数erea2参数长度超过限制新增失败",""
"passed","Sat Apr 02 17:34:55 CST 2022","Sat Apr 02 17:34:55 CST 2022","788","main","testmain","TestMain","","","无参数查询商品详情失败",""
"passed","Sat Apr 02 17:38:01 CST 2022","Sat Apr 02 17:38:02 CST 2022","784","main","testmain","TestMain","","","参数请求类型错误新增失败multipart/form-data",""
"passed","Sat Apr 02 17:49:09 CST 2022","Sat Apr 02 17:49:09 CST 2022","779","main","testmain","TestMain","","","错误的请求类型失败application/x-www-form-urlencoded",""
"passed","Sat Apr 02 17:37:33 CST 2022","Sat Apr 02 17:37:34 CST 2022","784","main","testmain","TestMain","","","请求方式错误查询失败（POST）",""
"passed","Sat Apr 02 17:49:41 CST 2022","Sat Apr 02 17:49:42 CST 2022","778","main","testmain","TestMain","","","错误的URL查询失败",""
"passed","Sat Apr 02 17:34:35 CST 2022","Sat Apr 02 17:34:35 CST 2022","786","main","testmain","TestMain","","","使用错误的请求方式DELETE查询失败",""
"passed","Sat Apr 02 17:35:37 CST 2022","Sat Apr 02 17:35:41 CST 2022","3677","main","testmain","TestMain","","","count参数为空新增失败",""
"passed","Sat Apr 02 17:47:56 CST 2022","Sat Apr 02 17:47:57 CST 2022","794","main","testmain","TestMain","","","错误的请求方式DELETE查询失败",""
"passed","Sat Apr 02 17:37:56 CST 2022","Sat Apr 02 17:37:57 CST 2022","803","main","testmain","TestMain","","","参数erea1参数长度超过限制新增失败",""
"passed","Sat Apr 02 17:37:35 CST 2022","Sat Apr 02 17:37:36 CST 2022","801","main","testmain","TestMain","","","请求方式错误查询失败（DELETE）",""
"passed","Sat Apr 02 17:43:33 CST 2022","Sat Apr 02 17:43:35 CST 2022","1860","main","testmain","TestMain","","","错误请求方式删除失败GET",""
"failed","Sat Apr 02 17:40:14 CST 2022","Sat Apr 02 17:40:17 CST 2022","3183","main","testmain","TestMain","","","缺少count提交订单失败",""
"passed","Sat Apr 02 17:37:53 CST 2022","Sat Apr 02 17:37:54 CST 2022","804","main","testmain","TestMain","","","参数First Name参数长度超过限制新增失败",""
"passed","Sat Apr 02 17:37:55 CST 2022","Sat Apr 02 17:37:56 CST 2022","804","main","testmain","TestMain","","","参数contactnumber参数长度超过限制新增失败",""
"passed","Sat Apr 02 17:33:49 CST 2022","Sat Apr 02 17:33:50 CST 2022","809","main","testmain","TestMain","","","password等于16位字符注册成功",""
"passed","Sat Apr 02 17:48:14 CST 2022","Sat Apr 02 17:48:15 CST 2022","1582","main","testmain","TestMain","","","输入错误URL地址兑换优惠券失败",""
"passed","Sat Apr 02 17:36:59 CST 2022","Sat Apr 02 17:37:01 CST 2022","2393","main","testmain","TestMain","","","正确参数批量删除成功",""
"passed","Sat Apr 02 17:40:55 CST 2022","Sat Apr 02 17:41:00 CST 2022","5031","main","testmain","TestMain","","","错误请求方式（GET）发起订单支付失败",""
"passed","Sat Apr 02 17:37:32 CST 2022","Sat Apr 02 17:37:33 CST 2022","788","main","testmain","TestMain","","","参数类型错误查询失败multipart/form-data",""
"passed","Sat Apr 02 17:46:24 CST 2022","Sat Apr 02 17:46:30 CST 2022","6043","main","testmain","TestMain","","","code参数丢失修改密码失败",""
"passed","Sat Apr 02 17:38:41 CST 2022","Sat Apr 02 17:38:42 CST 2022","1588","main","testmain","TestMain","","","输入错误参数请求类型修改地址失败
application/x-www-form-urlencoded",""
"passed","Sat Apr 02 17:49:21 CST 2022","Sat Apr 02 17:49:21 CST 2022","774","main","testmain","TestMain","","","错误的参数类型兑换失败multipart/form-data",""
"failed","Sat Apr 02 17:49:52 CST 2022","Sat Apr 02 17:49:54 CST 2022","1493","main","testmain","TestMain","","","未登录状态查询失败",""
"passed","Sat Apr 02 17:42:13 CST 2022","Sat Apr 02 17:42:13 CST 2022","796","main","testmain","TestMain","","","错误参数请求方式签到失败multipart/form-data",""
"passed","Sat Apr 02 17:34:21 CST 2022","Sat Apr 02 17:34:22 CST 2022","1038","main","testmain","TestMain","","","未登录状态查询失败",""
"passed","Sat Apr 02 17:48:22 CST 2022","Sat Apr 02 17:48:23 CST 2022","794","main","testmain","TestMain","","","无参数兑换失败",""
"passed","Sat Apr 02 17:34:26 CST 2022","Sat Apr 02 17:34:27 CST 2022","775","main","testmain","TestMain","","","输入正确参数查询路由信息成功",""
"failed","Sat Apr 02 17:36:00 CST 2022","Sat Apr 02 17:36:03 CST 2022","3624","main","testmain","TestMain","","","count参数大于商品存在数量新增失败",""
"passed","Sat Apr 02 17:36:35 CST 2022","Sat Apr 02 17:36:37 CST 2022","2378","main","testmain","TestMain","","","参数count缺失编辑失败",""
"passed","Sat Apr 02 17:38:44 CST 2022","Sat Apr 02 17:38:46 CST 2022","1586","main","testmain","TestMain","","","输入正确的信息修改默认地址成功",""
"passed","Sat Apr 02 17:43:20 CST 2022","Sat Apr 02 17:43:20 CST 2022","802","main","testmain","TestMain","","","pageNO参数错误查询失败",""
"passed","Sat Apr 02 17:35:05 CST 2022","Sat Apr 02 17:35:05 CST 2022","793","main","testmain","TestMain","","","请求错误查询失败（PUT）",""
"passed","Sat Apr 02 17:35:15 CST 2022","Sat Apr 02 17:35:18 CST 2022","3612","main","testmain","TestMain","","","填写正确参数添加购物车成功",""
"failed","Sat Apr 02 17:39:15 CST 2022","Sat Apr 02 17:39:16 CST 2022","792","main","testmain","TestMain","","","输入不存在ID删除地址失败",""
"passed","Sat Apr 02 17:38:24 CST 2022","Sat Apr 02 17:38:26 CST 2022","1569","main","testmain","TestMain","","","firstname为空修改地址失败",""
"passed","Sat Apr 02 17:34:09 CST 2022","Sat Apr 02 17:34:09 CST 2022","798","main","testmain","TestMain","","","输入正确信息获取首页广告栏位数据成功",""
"passed","Sat Apr 02 17:39:50 CST 2022","Sat Apr 02 17:39:53 CST 2022","3154","main","testmain","TestMain","","","count为非数字提交订单失败",""
"passed","Sat Apr 02 17:39:10 CST 2022","Sat Apr 02 17:39:11 CST 2022","800","main","testmain","TestMain","","","参数ID为空删除失败",""
"failed","Sat Apr 02 17:46:43 CST 2022","Sat Apr 02 17:47:06 CST 2022","23181","main","testmain","TestMain","","","newpassword与之前密码相同修改密码失败",""
"passed","Sat Apr 02 17:38:08 CST 2022","Sat Apr 02 17:38:09 CST 2022","803","main","testmain","TestMain","","","输入不存在的id修改地址失败",""
"passed","Sat Apr 02 17:33:38 CST 2022","Sat Apr 02 17:33:39 CST 2022","798","main","testmain","TestMain","","","使用正确的参数注册成功",""
"passed","Sat Apr 02 17:38:05 CST 2022","Sat Apr 02 17:38:07 CST 2022","1594","main","testmain","TestMain","","","错误的url地址修改地址失败",""
"passed","Sat Apr 02 17:48:44 CST 2022","Sat Apr 02 17:48:46 CST 2022","2076","main","testmain","TestMain","","","未登录状态修改个人信息失败",""
"passed","Sat Apr 02 17:37:51 CST 2022","Sat Apr 02 17:37:52 CST 2022","795","main","testmain","TestMain","","","参数erea3不填新增失败",""
"passed","Sat Apr 02 17:35:01 CST 2022","Sat Apr 02 17:35:02 CST 2022","785","main","testmain","TestMain","","","输入错误URL查询失败",""
"passed","Sat Apr 02 17:34:05 CST 2022","Sat Apr 02 17:34:06 CST 2022","792","main","testmain","TestMain","","","错误的请求方式查询失败DELETE",""
"passed","Sat Apr 02 17:43:17 CST 2022","Sat Apr 02 17:43:18 CST 2022","796","main","testmain","TestMain","","","错误的请求方式DELETE查询失败",""
"passed","Sat Apr 02 17:38:57 CST 2022","Sat Apr 02 17:38:58 CST 2022","1570","main","testmain","TestMain","","","错误的参数请求方式修改默认地址失败",""
"passed","Sat Apr 02 17:49:17 CST 2022","Sat Apr 02 17:49:18 CST 2022","779","main","testmain","TestMain","","","参数integral为4999兑换失败",""
"failed","Sat Apr 02 17:49:59 CST 2022","Sat Apr 02 17:50:00 CST 2022","1250","main","testmain","TestMain","","","PageNo为非数字查询失败",""
"passed","Sat Apr 02 17:49:07 CST 2022","Sat Apr 02 17:49:08 CST 2022","776","main","testmain","TestMain","","","参数password为空失败",""
"passed","Sat Apr 02 17:34:48 CST 2022","Sat Apr 02 17:34:50 CST 2022","1889","main","testmain","TestMain","","","未登录状态查询商品详情失败",""
"passed","Sat Apr 02 17:34:41 CST 2022","Sat Apr 02 17:34:42 CST 2022","791","main","testmain","TestMain","","","sortType为空进行查询失败",""
"passed","Sat Apr 02 17:48:59 CST 2022","Sat Apr 02 17:49:01 CST 2022","1824","main","testmain","TestMain","","","错误的参数类型修改失败multipart/form-data",""
"passed","Sat Apr 02 17:49:55 CST 2022","Sat Apr 02 17:49:56 CST 2022","800","main","testmain","TestMain","","","错误的请求方式查询失败PUT",""
"passed","Sat Apr 02 17:33:59 CST 2022","Sat Apr 02 17:33:59 CST 2022","770","main","testmain","TestMain","","","输入错误请求方式查询失败DELETE",""
"failed","Sat Apr 02 17:38:39 CST 2022","Sat Apr 02 17:38:41 CST 2022","1582","main","testmain","TestMain","","","输入删除type修改地址失败",""
"passed","Sat Apr 02 17:38:55 CST 2022","Sat Apr 02 17:38:57 CST 2022","1589","main","testmain","TestMain","","","错误的参数请求方式修改默认地址失败",""
"passed","Sat Apr 02 17:49:49 CST 2022","Sat Apr 02 17:49:50 CST 2022","784","main","testmain","TestMain","","","错误的参数类型查询失败multipart/form-data",""
"failed","Sat Apr 02 17:38:12 CST 2022","Sat Apr 02 17:38:14 CST 2022","1586","main","testmain","TestMain","","","缺少contactnumber修改地址失败",""
"passed","Sat Apr 02 17:46:30 CST 2022","Sat Apr 02 17:46:37 CST 2022","6082","main","testmain","TestMain","","","code参数为空修改密码失败",""
"passed","Sat Apr 02 17:36:07 CST 2022","Sat Apr 02 17:36:11 CST 2022","3825","main","testmain","TestMain","","","goodsid不存在新增失败",""
"passed","Sat Apr 02 17:42:13 CST 2022","Sat Apr 02 17:42:17 CST 2022","3660","main","testmain","TestMain","","","输入正确参数添加商品到收藏成功",""
"passed","Sat Apr 02 17:48:09 CST 2022","Sat Apr 02 17:48:10 CST 2022","793","main","testmain","TestMain","","","参数PageNO错误查询失败",""
"passed","Sat Apr 02 17:37:50 CST 2022","Sat Apr 02 17:37:51 CST 2022","807","main","testmain","TestMain","","","参数erea2不填新增失败",""
"passed","Sat Apr 02 17:37:48 CST 2022","Sat Apr 02 17:37:49 CST 2022","790","main","testmain","TestMain","","","参数lastname不填新增失败",""
"passed","Sat Apr 02 17:49:18 CST 2022","Sat Apr 02 17:49:19 CST 2022","798","main","testmain","TestMain","","","参数integral为5000兑换成功",""
"passed","Sat Apr 02 17:37:58 CST 2022","Sat Apr 02 17:37:58 CST 2022","803","main","testmain","TestMain","","","参数erea3参数长度超过限制新增失败",""
"passed","Sat Apr 02 17:37:46 CST 2022","Sat Apr 02 17:37:47 CST 2022","798","main","testmain","TestMain","","","addressLine缺失新增失败",""
"passed","Sat Apr 02 17:49:32 CST 2022","Sat Apr 02 17:49:33 CST 2022","791","main","testmain","TestMain","","","错误URL获取通知列表失败",""
"passed","Sat Apr 02 17:37:36 CST 2022","Sat Apr 02 17:37:37 CST 2022","783","main","testmain","TestMain","","","输入错误的URL新增地址失败",""
"passed","Sat Apr 02 17:34:06 CST 2022","Sat Apr 02 17:34:07 CST 2022","794","main","testmain","TestMain","","","错误的请求方式查询失败PUT",""
"passed","Sat Apr 02 17:41:10 CST 2022","Sat Apr 02 17:41:11 CST 2022","781","main","testmain","TestMain","","","缺失orderid参数发起订单支付失败",""
"passed","Sat Apr 02 17:34:37 CST 2022","Sat Apr 02 17:34:38 CST 2022","861","main","testmain","TestMain","","","输入不存在的商品名称模糊查询失败",""
"passed","Sat Apr 02 17:43:26 CST 2022","Sat Apr 02 17:43:29 CST 2022","2113","main","testmain","TestMain","","","错误URL地址批量删除失败",""
"passed","Sat Apr 02 17:37:31 CST 2022","Sat Apr 02 17:37:32 CST 2022","793","main","testmain","TestMain","","","pageNo参数为非数字查询失败",""
"passed","Sat Apr 02 17:43:47 CST 2022","Sat Apr 02 17:43:48 CST 2022","782","main","testmain","TestMain","","","错误的请求方式DELETE获取验证码失败",""
"passed","Sat Apr 02 17:33:45 CST 2022","Sat Apr 02 17:33:46 CST 2022","800","main","testmain","TestMain","","","userAccount不包含@注册失败",""
"passed","Sat Apr 02 17:42:41 CST 2022","Sat Apr 02 17:42:45 CST 2022","4423","main","testmain","TestMain","","","goodsid参数为空新增失败",""
"passed","Sat Apr 02 17:43:24 CST 2022","Sat Apr 02 17:43:26 CST 2022","2105","main","testmain","TestMain","","","参数正确批量删除收藏列表成功",""
"passed","Sat Apr 02 17:43:03 CST 2022","Sat Apr 02 17:43:05 CST 2022","2105","main","testmain","TestMain","","","错误请求方式（POST）删除商品失败",""
"passed","Sat Apr 02 17:43:24 CST 2022","Sat Apr 02 17:43:24 CST 2022","782","main","testmain","TestMain","","","错误的参数请求方式错误查询失败",""
"passed","Sat Apr 02 17:49:14 CST 2022","Sat Apr 02 17:49:15 CST 2022","803","main","testmain","TestMain","","","错误的请求方式PUT兑换失败",""
"passed","Sat Apr 02 17:48:46 CST 2022","Sat Apr 02 17:48:48 CST 2022","1833","main","testmain","TestMain","","","错误的请求类型修改失败GET",""
"passed","Sat Apr 02 17:43:46 CST 2022","Sat Apr 02 17:43:47 CST 2022","1045","main","testmain","TestMain","","","未登录状态获取验证码失败",""
"passed","Sat Apr 02 17:34:38 CST 2022","Sat Apr 02 17:34:39 CST 2022","795","main","testmain","TestMain","","","pageNo为空进行查询失败",""
"passed","Sat Apr 02 17:48:17 CST 2022","Sat Apr 02 17:48:19 CST 2022","1603","main","testmain","TestMain","","","错误的请求方式兑换失败GET",""
"failed","Sat Apr 02 17:36:46 CST 2022","Sat Apr 02 17:36:48 CST 2022","2405","main","testmain","TestMain","","","参数count为0编辑失败",""
"passed","Sat Apr 02 17:49:01 CST 2022","Sat Apr 02 17:49:02 CST 2022","812","main","testmain","TestMain","","","输入正确信息密码检查通过",""
"passed","Sat Apr 02 17:37:40 CST 2022","Sat Apr 02 17:37:41 CST 2022","783","main","testmain","TestMain","","","错误的请求方式新增地址失败（PUT）",""
"passed","Sat Apr 02 17:37:59 CST 2022","Sat Apr 02 17:38:00 CST 2022","800","main","testmain","TestMain","","","countryCode参数长度超过限制新增失败",""
"passed","Sat Apr 02 17:42:36 CST 2022","Sat Apr 02 17:42:41 CST 2022","4710","main","testmain","TestMain","","","goodsid参数丢失新增失败",""
"passed","Sat Apr 02 17:37:49 CST 2022","Sat Apr 02 17:37:49 CST 2022","784","main","testmain","TestMain","","","参数contactnumber不填新增失败",""
"passed","Sat Apr 02 17:47:53 CST 2022","Sat Apr 02 17:47:53 CST 2022","797","main","testmain","TestMain","","","输入正确的信息查询我的优惠价成功",""
"passed","Sat Apr 02 17:33:36 CST 2022","Sat Apr 02 17:33:36 CST 2022","515","main","testmain","TestMain","","","请求类型错误请求失败GET",""
"passed","Sat Apr 02 17:43:43 CST 2022","Sat Apr 02 17:43:45 CST 2022","2117","main","testmain","TestMain","","","输入正确参数获取验证码成功",""
"passed","Sat Apr 02 17:42:07 CST 2022","Sat Apr 02 17:42:08 CST 2022","794","main","testmain","TestMain","","","信息正确签到成功",""
"failed","Sat Apr 02 17:43:29 CST 2022","Sat Apr 02 17:43:31 CST 2022","2363","main","testmain","TestMain","","","未登录状态删除失败",""
"passed","Sat Apr 02 17:49:22 CST 2022","Sat Apr 02 17:49:23 CST 2022","792","main","testmain","TestMain","","","错误的URL查询失败",""
"passed","Sat Apr 02 17:40:50 CST 2022","Sat Apr 02 17:40:55 CST 2022","5275","main","testmain","TestMain","","","未登录状态订单发起支付失败",""
"passed","Sat Apr 02 17:34:16 CST 2022","Sat Apr 02 17:34:16 CST 2022","793","main","testmain","TestMain","","","错误的请求方式查询失败POST",""
"passed","Sat Apr 02 17:49:39 CST 2022","Sat Apr 02 17:49:39 CST 2022","784","main","testmain","TestMain","","","参数请求方式错误获取通知列表失败",""
"passed","Sat Apr 02 17:48:11 CST 2022","Sat Apr 02 17:48:12 CST 2022","783","main","testmain","TestMain","","","错误的参数类型查询失败multipart/form-data",""
"passed","Sat Apr 02 17:34:57 CST 2022","Sat Apr 02 17:34:59 CST 2022","1650","main","testmain","TestMain","","","错误的参数请求方式查询商品详情失败",""
"passed","Sat Apr 02 17:33:35 CST 2022","Sat Apr 02 17:33:35 CST 2022","515","main","testmain","TestMain","","","userAccount参数错误请求失败",""
"failed","Sat Apr 02 17:40:06 CST 2022","Sat Apr 02 17:40:08 CST 2022","2388","main","testmain","TestMain","","","缺少addressid提交订单失败",""
"passed","Sat Apr 02 17:34:42 CST 2022","Sat Apr 02 17:34:43 CST 2022","786","main","testmain","TestMain","","","sortType为非数字类型进行查询失败",""
"passed","Sat Apr 02 17:37:23 CST 2022","Sat Apr 02 17:37:26 CST 2022","2362","main","testmain","TestMain","","","购物车存在一件商品批量删除失败",""
"failed","Sat Apr 02 17:40:36 CST 2022","Sat Apr 02 17:40:39 CST 2022","3160","main","testmain","TestMain","","","输入负数Count参数提交订单失败",""
"passed","Sat Apr 02 17:33:40 CST 2022","Sat Apr 02 17:33:41 CST 2022","794","main","testmain","TestMain","","","缺少userAccount参数请求失败",""
"passed","Sat Apr 02 17:34:40 CST 2022","Sat Apr 02 17:34:41 CST 2022","775","main","testmain","TestMain","","","pageSize为非数字类型进行查询失败",""
"passed","Sat Apr 02 17:37:26 CST 2022","Sat Apr 02 17:37:27 CST 2022","806","main","testmain","TestMain","","","输入正确参数查询地址成功",""
"passed","Sat Apr 02 17:39:18 CST 2022","Sat Apr 02 17:39:19 CST 2022","1590","main","testmain","TestMain","","","错误参数请求类型删除地址失败application/x-www-form-urlencoded",""
"passed","Sat Apr 02 17:33:51 CST 2022","Sat Apr 02 17:33:52 CST 2022","780","main","testmain","TestMain","","","请求类型错误注册失败GET",""
"passed","Sat Apr 02 17:49:26 CST 2022","Sat Apr 02 17:49:27 CST 2022","785","main","testmain","TestMain","","","参数PageNo为空查询失败",""
"passed","Sat Apr 02 17:38:37 CST 2022","Sat Apr 02 17:38:38 CST 2022","1599","main","testmain","TestMain","","","type为空修改地址失败",""
"passed","Sat Apr 02 17:38:22 CST 2022","Sat Apr 02 17:38:23 CST 2022","1581","main","testmain","TestMain","","","缺少type修改地址失败",""
"passed","Sat Apr 02 17:33:42 CST 2022","Sat Apr 02 17:33:43 CST 2022","789","main","testmain","TestMain","","","不填参数注册失败",""
"passed","Sat Apr 02 17:34:55 CST 2022","Sat Apr 02 17:34:56 CST 2022","801","main","testmain","TestMain","","","ID为空查询商品详情失败",""
"passed","Sat Apr 02 17:37:28 CST 2022","Sat Apr 02 17:37:29 CST 2022","799","main","testmain","TestMain","","","pageSize参数为空查询失败",""
"passed","Sat Apr 02 17:49:13 CST 2022","Sat Apr 02 17:49:14 CST 2022","774","main","testmain","TestMain","","","错误的请求方式GET兑换失败",""
"passed","Sat Apr 02 17:42:21 CST 2022","Sat Apr 02 17:42:25 CST 2022","3915","main","testmain","TestMain","","","未登录状态添加商品到收藏夹失败",""
"passed","Sat Apr 02 17:49:27 CST 2022","Sat Apr 02 17:49:28 CST 2022","797","main","testmain","TestMain","","","参数PageSize为空查询失败",""
"passed","Sat Apr 02 17:38:35 CST 2022","Sat Apr 02 17:38:37 CST 2022","1575","main","testmain","TestMain","","","addressLine为空修改地址失败",""
"passed","Sat Apr 02 17:35:22 CST 2022","Sat Apr 02 17:35:26 CST 2022","4053","main","testmain","TestMain","","","未登录状态添加购物车失败",""
"passed","Sat Apr 02 17:41:28 CST 2022","Sat Apr 02 17:41:33 CST 2022","5005","main","testmain","TestMain","","","cancelUrl参数为空发起订单支付失败",""
"passed","Sat Apr 02 17:49:47 CST 2022","Sat Apr 02 17:49:48 CST 2022","783","main","testmain","TestMain","","","PageNo为非数字查询失败",""
"passed","Sat Apr 02 17:40:33 CST 2022","Sat Apr 02 17:40:36 CST 2022","3149","main","testmain","TestMain","","","错误的请求方式提交订单失败（PUT）",""
"passed","Sat Apr 02 17:39:13 CST 2022","Sat Apr 02 17:39:15 CST 2022","1580","main","testmain","TestMain","","","输入错误类型TYPE参数删除地址失败",""
"passed","Sat Apr 02 17:38:17 CST 2022","Sat Apr 02 17:38:19 CST 2022","1591","main","testmain","TestMain","","","缺少area3修改地址失败",""
"passed","Sat Apr 02 17:35:09 CST 2022","Sat Apr 02 17:35:10 CST 2022","795","main","testmain","TestMain","","","pageNO参数值为负数查询失败",""
"passed","Sat Apr 02 17:42:25 CST 2022","Sat Apr 02 17:42:29 CST 2022","3782","main","testmain","TestMain","","","错误请求方式添加商品到收藏栏失败（PUT）",""
"passed","Sat Apr 02 17:37:53 CST 2022","Sat Apr 02 17:37:53 CST 2022","780","main","testmain","TestMain","","","addressLine不填新增失败",""
"passed","Sat Apr 02 17:50:02 CST 2022","Sat Apr 02 17:50:03 CST 2022","782","main","testmain","TestMain","","","错误的参数类型查询失败multipart/form-data",""
"passed","Sat Apr 02 17:49:29 CST 2022","Sat Apr 02 17:49:30 CST 2022","786","main","testmain","TestMain","","","参数PageSize为非数字查询失败",""
"passed","Sat Apr 02 17:38:00 CST 2022","Sat Apr 02 17:38:01 CST 2022","796","main","testmain","TestMain","","","参数请求类型错误新增失败application/x-www-form-urlencoded",""
"passed","Sat Apr 02 17:38:58 CST 2022","Sat Apr 02 17:39:00 CST 2022","1586","main","testmain","TestMain","","","输入正确参数删除地址成功",""
"passed","Sat Apr 02 17:49:08 CST 2022","Sat Apr 02 17:49:09 CST 2022","806","main","testmain","TestMain","","","参数password错误失败",""
"passed","Sat Apr 02 17:34:11 CST 2022","Sat Apr 02 17:34:12 CST 2022","775","main","testmain","TestMain","","","输入错误请求方式DELETE获取首页广告栏位数据失败",""
"passed","Sat Apr 02 17:49:51 CST 2022","Sat Apr 02 17:49:52 CST 2022","783","main","testmain","TestMain","","","错误的URL查询失败",""
"passed","Sat Apr 02 17:38:23 CST 2022","Sat Apr 02 17:38:24 CST 2022","801","main","testmain","TestMain","","","缺少ID参数修改地址失败",""
"passed","Sat Apr 02 17:43:37 CST 2022","Sat Apr 02 17:43:37 CST 2022","784","main","testmain","TestMain","","","无参数删除失败",""
"failed","Sat Apr 02 17:33:46 CST 2022","Sat Apr 02 17:33:47 CST 2022","791","main","testmain","TestMain","","","password17位字符注册失败",""
"passed","Sat Apr 02 17:38:38 CST 2022","Sat Apr 02 17:38:39 CST 2022","775","main","testmain","TestMain","","","ID参数为空修改地址失败",""
"passed","Sat Apr 02 17:33:36 CST 2022","Sat Apr 02 17:33:37 CST 2022","509","main","testmain","TestMain","","","请求类型错误请求失败PUT",""
"passed","Sat Apr 02 17:38:19 CST 2022","Sat Apr 02 17:38:20 CST 2022","1571","main","testmain","TestMain","","","缺少postalCode修改地址失败",""
"passed","Sat Apr 02 17:37:27 CST 2022","Sat Apr 02 17:37:28 CST 2022","1031","main","testmain","TestMain","","","未登录状态查询失败",""
"passed","Sat Apr 02 17:41:33 CST 2022","Sat Apr 02 17:41:33 CST 2022","785","main","testmain","TestMain","","","orderid参数不存在发起订单支付失败",""
"passed","Sat Apr 02 17:34:30 CST 2022","Sat Apr 02 17:34:30 CST 2022","790","main","testmain","TestMain","","","错误请求方式PUT查询路由失败",""
"passed","Sat Apr 02 17:33:52 CST 2022","Sat Apr 02 17:33:53 CST 2022","798","main","testmain","TestMain","","","请求类型错误注册失败DELETE",""
"broken","Sat Apr 02 17:58:17 CST 2022","Sat Apr 02 17:59:18 CST 2022","61599","main","testmain","TestMain","","","错误的参数类型查询失败application/json",""
"failed","Sat Apr 02 17:40:08 CST 2022","Sat Apr 02 17:40:11 CST 2022","2372","main","testmain","TestMain","","","缺少couponsid提交订单失败",""
"passed","Sat Apr 02 17:48:01 CST 2022","Sat Apr 02 17:48:02 CST 2022","801","main","testmain","TestMain","","","参数请求类型错误查询失败application/json",""
"passed","Sat Apr 02 17:38:49 CST 2022","Sat Apr 02 17:38:51 CST 2022","1600","main","testmain","TestMain","","","输入错误的请求方式修改默认地址失败GET",""
"passed","Sat Apr 02 17:42:02 CST 2022","Sat Apr 02 17:42:07 CST 2022","5020","main","testmain","TestMain","","","参数类型错误发起订单支付失败multipart/form-data",""
"passed","Sat Apr 02 17:41:33 CST 2022","Sat Apr 02 17:41:47 CST 2022","13826","main","testmain","TestMain","","","使用已支付订单发起支付失败",""
"passed","Sat Apr 02 17:37:49 CST 2022","Sat Apr 02 17:37:50 CST 2022","776","main","testmain","TestMain","","","参数erea1不填新增失败",""
"passed","Sat Apr 02 17:47:53 CST 2022","Sat Apr 02 17:47:54 CST 2022","789","main","testmain","TestMain","","","输入错误的URL地址查询成功",""
"passed","Sat Apr 02 17:34:09 CST 2022","Sat Apr 02 17:34:10 CST 2022","792","main","testmain","TestMain","","","输入错误URL地址获取首页广告栏位数据失败",""
"passed","Sat Apr 02 17:35:52 CST 2022","Sat Apr 02 17:35:56 CST 2022","3720","main","testmain","TestMain","","","count参数不为INT型新增失败",""
"passed","Sat Apr 02 17:34:53 CST 2022","Sat Apr 02 17:34:55 CST 2022","1624","main","testmain","TestMain","","","错误请求方式PUT查询商品详情失败",""
"passed","Sat Apr 02 17:37:52 CST 2022","Sat Apr 02 17:37:53 CST 2022","782","main","testmain","TestMain","","","postalCode:不填新增失败",""
"passed","Sat Apr 02 17:34:59 CST 2022","Sat Apr 02 17:35:00 CST 2022","1635","main","testmain","TestMain","","","错误的参数请求方式查询商品详情失败",""
"passed","Sat Apr 02 17:48:19 CST 2022","Sat Apr 02 17:48:20 CST 2022","1573","main","testmain","TestMain","","","错误的请求方式兑换失败PUT",""
"passed","Sat Apr 02 17:49:26 CST 2022","Sat Apr 02 17:49:26 CST 2022","771","main","testmain","TestMain","","","错误的请求方式查询失败PUT",""
"passed","Sat Apr 02 17:34:22 CST 2022","Sat Apr 02 17:34:23 CST 2022","791","main","testmain","TestMain","","","输入错误请求方式查询失败（DELETE）",""
"passed","Sat Apr 02 17:49:48 CST 2022","Sat Apr 02 17:49:48 CST 2022","794","main","testmain","TestMain","","","PageSize为非数字查询失败",""
"passed","Sat Apr 02 17:35:13 CST 2022","Sat Apr 02 17:35:14 CST 2022","791","main","testmain","TestMain","","","输入错误请求参数查询失败application/json",""
"passed","Sat Apr 02 17:41:52 CST 2022","Sat Apr 02 17:41:57 CST 2022","4484","main","testmain","TestMain","","","使用错误cancelUrl发起订单支付失败",""
"passed","Sat Apr 02 17:34:32 CST 2022","Sat Apr 02 17:34:33 CST 2022","991","main","testmain","TestMain","","","使用正确参数查询成功",""
"passed","Sat Apr 02 17:38:47 CST 2022","Sat Apr 02 17:38:49 CST 2022","1818","main","testmain","TestMain","","","未登录状态修改默认地址失败",""
"passed","Sat Apr 02 17:49:36 CST 2022","Sat Apr 02 17:49:37 CST 2022","785","main","testmain","TestMain","","","无参数获取通知列表成功",""
"passed","Sat Apr 02 17:34:00 CST 2022","Sat Apr 02 17:34:01 CST 2022","877","main","testmain","TestMain","","","输入错误请求参数类型查询失败application/json",""
"passed","Sat Apr 02 17:48:52 CST 2022","Sat Apr 02 17:48:54 CST 2022","1858","main","testmain","TestMain","","","参数sex缺失修改失败",""
"passed","Sat Apr 02 17:35:05 CST 2022","Sat Apr 02 17:35:06 CST 2022","784","main","testmain","TestMain","","","不填任何参数查询成功",""
"passed","Sat Apr 02 17:48:23 CST 2022","Sat Apr 02 17:48:23 CST 2022","800","main","testmain","TestMain","","","参数ID为空兑换失败",""
"passed","Sat Apr 02 17:48:50 CST 2022","Sat Apr 02 17:48:52 CST 2022","1840","main","testmain","TestMain","","","错误的请求类型修改失败PUT",""
"passed","Sat Apr 02 17:43:54 CST 2022","Sat Apr 02 17:44:21 CST 2022","26373","main","testmain","TestMain","","","输入正确的信息修改密码成功",""
"passed","Sat Apr 02 17:33:57 CST 2022","Sat Apr 02 17:33:58 CST 2022","793","main","testmain","TestMain","","","输入错误URL查询失败",""
"passed","Sat Apr 02 17:39:07 CST 2022","Sat Apr 02 17:39:08 CST 2022","1557","main","testmain","TestMain","","","发送错误请求PUT删除地址失败",""
"passed","Sat Apr 02 17:39:11 CST 2022","Sat Apr 02 17:39:12 CST 2022","1577","main","testmain","TestMain","","","缺少TYPE参数删除地址失败",""
"passed","Sat Apr 02 17:35:41 CST 2022","Sat Apr 02 17:35:45 CST 2022","3596","main","testmain","TestMain","","","goodsid参数为空新增失败",""
"broken","Sat Apr 02 17:51:05 CST 2022","Sat Apr 02 17:52:06 CST 2022","61574","main","testmain","TestMain","","","输入错误URL查询失败",""
"passed","Sat Apr 02 17:34:05 CST 2022","Sat Apr 02 17:34:05 CST 2022","783","main","testmain","TestMain","","","错误的请求方式POST查询失败",""
"failed","Sat Apr 02 17:37:13 CST 2022","Sat Apr 02 17:37:15 CST 2022","2392","main","testmain","TestMain","","","ids部分参数错误删除购物车失败",""
"failed","Sat Apr 02 17:43:37 CST 2022","Sat Apr 02 17:43:38 CST 2022","788","main","testmain","TestMain","","","参数为空删除失败",""
"passed","Sat Apr 02 17:49:45 CST 2022","Sat Apr 02 17:49:45 CST 2022","786","main","testmain","TestMain","","","错误的请求方式查询失败PUT",""
"passed","Sat Apr 02 17:33:32 CST 2022","Sat Apr 02 17:33:33 CST 2022","526","main","testmain","TestMain","","","缺少userAccount参数请求失败",""
"passed","Sat Apr 02 17:48:57 CST 2022","Sat Apr 02 17:48:59 CST 2022","1834","main","testmain","TestMain","","","错误的参数类型修改失败application/x-www-form-urlencoded",""
"passed","Sat Apr 02 17:36:54 CST 2022","Sat Apr 02 17:36:56 CST 2022","2362","main","testmain","TestMain","","","输入错误类型参数请求类型编辑购物车失败application/x-www-form-urlencoded",""
"passed","Sat Apr 02 17:37:44 CST 2022","Sat Apr 02 17:37:45 CST 2022","790","main","testmain","TestMain","","","参数erea2缺失新增失败",""
"passed","Sat Apr 02 17:47:06 CST 2022","Sat Apr 02 17:47:30 CST 2022","23822","main","testmain","TestMain","","","参数传递类型错误修改密码失败application/x-www-form-urlencoded",""
"passed","Sat Apr 02 17:46:37 CST 2022","Sat Apr 02 17:46:43 CST 2022","6082","main","testmain","TestMain","","","code错误修改密码失败",""
"passed","Sat Apr 02 17:44:44 CST 2022","Sat Apr 02 17:45:08 CST 2022","23456","main","testmain","TestMain","","","未登录状态修改密码失败",""
"passed","Sat Apr 02 17:48:32 CST 2022","Sat Apr 02 17:48:33 CST 2022","516","main","testmain","TestMain","","","未注册账户领取优惠券失败",""
"failed","Sat Apr 02 17:49:56 CST 2022","Sat Apr 02 17:49:57 CST 2022","1247","main","testmain","TestMain","","","PageNo为空查询失败",""
"failed","Sat Apr 02 17:43:38 CST 2022","Sat Apr 02 17:43:39 CST 2022","790","main","testmain","TestMain","","","参数错误删除失败",""
"failed","Sat Apr 02 17:39:53 CST 2022","Sat Apr 02 17:39:56 CST 2022","3177","main","testmain","TestMain","","","count为空提交订单失败",""
"passed","Sat Apr 02 17:49:10 CST 2022","Sat Apr 02 17:49:11 CST 2022","806","main","testmain","TestMain","","","输入正确信息兑换成功",""
"passed","Sat Apr 02 17:43:23 CST 2022","Sat Apr 02 17:43:24 CST 2022","809","main","testmain","TestMain","","","错误的参数请求方式错误查询失败",""
"passed","Sat Apr 02 17:34:56 CST 2022","Sat Apr 02 17:34:57 CST 2022","781","main","testmain","TestMain","","","ID不存在或错误查询商品详情失败",""
"failed","Sat Apr 02 17:43:09 CST 2022","Sat Apr 02 17:43:10 CST 2022","796","main","testmain","TestMain","","","参数ID不存在删除商品失败",""
"passed","Sat Apr 02 17:48:24 CST 2022","Sat Apr 02 17:48:25 CST 2022","782","main","testmain","TestMain","","","参数ID为非数字兑换失败",""
"passed","Sat Apr 02 17:38:51 CST 2022","Sat Apr 02 17:38:52 CST 2022","1567","main","testmain","TestMain","","","输入错误的请求方式修改默认地址失败DELETE",""
"passed","Sat Apr 02 17:34:01 CST 2022","Sat Apr 02 17:34:02 CST 2022","776","main","testmain","TestMain","","","输入错误请求参数类型查询失败multipart/form-data",""
"passed","Sat Apr 02 17:48:04 CST 2022","Sat Apr 02 17:48:05 CST 2022","1026","main","testmain","TestMain","","","未登录查询失败",""
"passed","Sat Apr 02 17:49:04 CST 2022","Sat Apr 02 17:49:05 CST 2022","782","main","testmain","TestMain","","","错误的请求类型失败GET",""
"passed","Sat Apr 02 17:49:54 CST 2022","Sat Apr 02 17:49:55 CST 2022","783","main","testmain","TestMain","","","错误的请求方式查询失败DELETE",""
"passed","Sat Apr 02 17:34:13 CST 2022","Sat Apr 02 17:34:14 CST 2022","791","main","testmain","TestMain","","","错误的参数请求方式获取广告栏位数据失败multipart/form-data",""
"passed","Sat Apr 02 17:43:14 CST 2022","Sat Apr 02 17:43:15 CST 2022","785","main","testmain","TestMain","","","输入正确参数查询成功",""
"passed","Sat Apr 02 17:43:47 CST 2022","Sat Apr 02 17:43:47 CST 2022","789","main","testmain","TestMain","","","错误的请求方式POST获取验证码失败",""
"passed","Sat Apr 02 17:39:12 CST 2022","Sat Apr 02 17:39:13 CST 2022","791","main","testmain","TestMain","","","缺少ID参数删除地址失败",""
"passed","Sat Apr 02 17:33:38 CST 2022","Sat Apr 02 17:33:38 CST 2022","513","main","testmain","TestMain","","","content-type参数类型错误请求失败multipart/form-data",""
"passed","Sat Apr 02 17:34:39 CST 2022","Sat Apr 02 17:34:40 CST 2022","787","main","testmain","TestMain","","","pageNo为非数字类型进行查询失败",""
"passed","Sat Apr 02 17:36:56 CST 2022","Sat Apr 02 17:36:59 CST 2022","2386","main","testmain","TestMain","","","输入错误类型参数请求类型编辑购物车失败multipart/form-data",""
"passed","Sat Apr 02 17:35:30 CST 2022","Sat Apr 02 17:35:34 CST 2022","3805","main","testmain","TestMain","","","使用错误的请求方式GET添加购物车失败",""
"passed","Sat Apr 02 17:49:14 CST 2022","Sat Apr 02 17:49:14 CST 2022","767","main","testmain","TestMain","","","错误的请求方式DELETE兑换失败",""
"passed","Sat Apr 02 17:36:15 CST 2022","Sat Apr 02 17:36:18 CST 2022","3645","main","testmain","TestMain","","","参数类型错误新增购物车失败multipart/form-data",""
"passed","Sat Apr 02 17:35:26 CST 2022","Sat Apr 02 17:35:30 CST 2022","3718","main","testmain","TestMain","","","使用错误的请求方式DELETE添加购物车失败",""
"passed","Sat Apr 02 17:48:35 CST 2022","Sat Apr 02 17:48:36 CST 2022","792","main","testmain","TestMain","","","输入错误URL获取用户信息失败",""
"passed","Sat Apr 02 17:43:16 CST 2022","Sat Apr 02 17:43:17 CST 2022","782","main","testmain","TestMain","","","错误的请求方式POST查询失败",""
"passed","Sat Apr 02 17:40:23 CST 2022","Sat Apr 02 17:40:27 CST 2022","3143","main","testmain","TestMain","","","参数类型错误提交订单失败
multipart/form-data",""
"passed","Sat Apr 02 17:34:14 CST 2022","Sat Apr 02 17:34:15 CST 2022","855","main","testmain","TestMain","","","输入正确信息查询成功",""
"passed","Sat Apr 02 17:49:03 CST 2022","Sat Apr 02 17:49:04 CST 2022","1045","main","testmain","TestMain","","","未登录状态失败",""
"passed","Sat Apr 02 17:40:17 CST 2022","Sat Apr 02 17:40:20 CST 2022","3156","main","testmain","TestMain","","","缺少shopcartid提交订单失败",""
"passed","Sat Apr 02 17:43:50 CST 2022","Sat Apr 02 17:43:51 CST 2022","781","main","testmain","TestMain","","","错误的参数验证码获取失败",""
"passed","Sat Apr 02 17:35:11 CST 2022","Sat Apr 02 17:35:12 CST 2022","774","main","testmain","TestMain","","","pageSize参数值为非数字查询失败",""
"passed","Sat Apr 02 17:42:17 CST 2022","Sat Apr 02 17:42:21 CST 2022","3776","main","testmain","TestMain","","","输入错误URL地址添加商品到收藏失败",""
"passed","Sat Apr 02 17:34:33 CST 2022","Sat Apr 02 17:34:34 CST 2022","794","main","testmain","TestMain","","","使用错误URL查询失败",""
"passed","Sat Apr 02 17:34:26 CST 2022","Sat Apr 02 17:34:26 CST 2022","803","main","testmain","TestMain","","","错误参数请求方式查询失败multipart/form-data",""
"passed","Sat Apr 02 17:37:03 CST 2022","Sat Apr 02 17:37:06 CST 2022","2642","main","testmain","TestMain","","","未登录状态删除购物车商品失败",""
"passed","Sat Apr 02 17:48:15 CST 2022","Sat Apr 02 17:48:17 CST 2022","1826","main","testmain","TestMain","","","未登录状态兑换优惠券失败",""
"passed","Sat Apr 02 17:33:35 CST 2022","Sat Apr 02 17:33:36 CST 2022","511","main","testmain","TestMain","","","URL错误请求失败",""
"failed","Sat Apr 02 17:41:47 CST 2022","Sat Apr 02 17:41:52 CST 2022","4965","main","testmain","TestMain","","","使用错误successUrl发起订单支付失败",""
"passed","Sat Apr 02 17:35:08 CST 2022","Sat Apr 02 17:35:09 CST 2022","781","main","testmain","TestMain","","","参数值均为空查询失败",""
"passed","Sat Apr 02 17:48:07 CST 2022","Sat Apr 02 17:48:08 CST 2022","779","main","testmain","TestMain","","","参数PageNo为空查询失败",""
"passed","Sat Apr 02 17:49:06 CST 2022","Sat Apr 02 17:49:07 CST 2022","800","main","testmain","TestMain","","","参数password缺失失败",""
"passed","Sat Apr 02 17:39:08 CST 2022","Sat Apr 02 17:39:10 CST 2022","1575","main","testmain","TestMain","","","参数type为空删除失败",""
"passed","Sat Apr 02 17:37:32 CST 2022","Sat Apr 02 17:37:32 CST 2022","801","main","testmain","TestMain","","","参数类型错误查询失败application/json",""
"passed","Sat Apr 02 17:34:25 CST 2022","Sat Apr 02 17:34:26 CST 2022","796","main","testmain","TestMain","","","错误参数请求方式查询失败application/json",""
"passed","Sat Apr 02 17:48:42 CST 2022","Sat Apr 02 17:48:44 CST 2022","1830","main","testmain","TestMain","","","错误的URL修改个人信息失败",""
"passed","Sat Apr 02 17:34:24 CST 2022","Sat Apr 02 17:34:25 CST 2022","772","main","testmain","TestMain","","","输入错误请求方式查询失败（PUT）",""
"passed","Sat Apr 02 17:37:27 CST 2022","Sat Apr 02 17:37:27 CST 2022","773","main","testmain","TestMain","","","输入错误URL地址查询失败",""
"passed","Sat Apr 02 17:43:31 CST 2022","Sat Apr 02 17:43:33 CST 2022","1847","main","testmain","TestMain","","","错误请求方式删除失败POST",""
"passed","Sat Apr 02 17:48:41 CST 2022","Sat Apr 02 17:48:42 CST 2022","1857","main","testmain","TestMain","","","输入正确信息修改个人信息成功",""
"passed","Sat Apr 02 17:48:37 CST 2022","Sat Apr 02 17:48:37 CST 2022","780","main","testmain","TestMain","","","错误请求方式POST获取用户信息失败",""
"passed","Sat Apr 02 17:34:08 CST 2022","Sat Apr 02 17:34:08 CST 2022","771","main","testmain","TestMain","","","错误的参数类型查询失败multipart/form-data",""
"passed","Sat Apr 02 17:34:04 CST 2022","Sat Apr 02 17:34:05 CST 2022","1040","main","testmain","TestMain","","","未登录状态查询失败",""
"passed","Sat Apr 02 17:49:48 CST 2022","Sat Apr 02 17:49:49 CST 2022","787","main","testmain","TestMain","","","错误的参数类型查询失败application/json",""
"passed","Sat Apr 02 17:48:28 CST 2022","Sat Apr 02 17:48:29 CST 2022","529","main","testmain","TestMain","","","输入正确账户领取成功",""
"passed","Sat Apr 02 17:35:34 CST 2022","Sat Apr 02 17:35:37 CST 2022","3709","main","testmain","TestMain","","","使用错误的请求方式PUT添加购物车失败",""
"failed","Sat Apr 02 17:39:44 CST 2022","Sat Apr 02 17:39:47 CST 2022","2397","main","testmain","TestMain","","","addressid为空提交订单失败",""
"broken","Sat Apr 02 17:57:16 CST 2022","Sat Apr 02 17:58:17 CST 2022","60798","main","testmain","TestMain","","","参数ID不存在查询失败",""
"passed","Sat Apr 02 17:39:24 CST 2022","Sat Apr 02 17:39:27 CST 2022","3142","main","testmain","TestMain","","","输入错误URL地址提交订单失败",""
"failed","Sat Apr 02 17:36:48 CST 2022","Sat Apr 02 17:36:51 CST 2022","2415","main","testmain","TestMain","","","参数count为负数编辑失败",""
"passed","Sat Apr 02 17:34:27 CST 2022","Sat Apr 02 17:34:28 CST 2022","785","main","testmain","TestMain","","","错误URL查询路由失败",""
"passed","Sat Apr 02 17:48:10 CST 2022","Sat Apr 02 17:48:10 CST 2022","780","main","testmain","TestMain","","","参数PageSize错误查询失败",""
"passed","Sat Apr 02 17:34:43 CST 2022","Sat Apr 02 17:34:44 CST 2022","996","main","testmain","TestMain","","","参数类型错误查询失败application/json",""
"passed","Sat Apr 02 17:49:35 CST 2022","Sat Apr 02 17:49:36 CST 2022","778","main","testmain","TestMain","","","错误请求方式PUT获取通知列表失败",""
"passed","Sat Apr 02 17:47:58 CST 2022","Sat Apr 02 17:47:59 CST 2022","795","main","testmain","TestMain","","","参数pagesize为空查询成功",""
"passed","Sat Apr 02 17:47:57 CST 2022","Sat Apr 02 17:47:58 CST 2022","785","main","testmain","TestMain","","","错误的请求方式PUT查询失败",""
"passed","Sat Apr 02 17:35:45 CST 2022","Sat Apr 02 17:35:48 CST 2022","3645","main","testmain","TestMain","","","count参数丢失新增失败",""
"failed","Sat Apr 02 17:49:57 CST 2022","Sat Apr 02 17:49:59 CST 2022","1240","main","testmain","TestMain","","","PageSize为空查询失败",""
"passed","Sat Apr 02 17:34:17 CST 2022","Sat Apr 02 17:34:17 CST 2022","792","main","testmain","TestMain","","","错误的请求方式查询失败DELETE",""
"passed","Sat Apr 02 17:48:29 CST 2022","Sat Apr 02 17:48:30 CST 2022","505","main","testmain","TestMain","","","错误的请求类型领取优惠券失败POST",""
"passed","Sat Apr 02 17:36:52 CST 2022","Sat Apr 02 17:36:54 CST 2022","1577","main","testmain","TestMain","","","参数id为非数字编辑失败",""
"passed","Sat Apr 02 17:36:39 CST 2022","Sat Apr 02 17:36:41 CST 2022","2387","main","testmain","TestMain","","","参数count为空编辑失败",""
"passed","Sat Apr 02 17:39:21 CST 2022","Sat Apr 02 17:39:24 CST 2022","3209","main","testmain","TestMain","","","输入正确参数提交订单成功",""
"passed","Sat Apr 02 17:52:07 CST 2022","Sat Apr 02 17:52:09 CST 2022","1854","main","testmain","TestMain","","","未登录状态查询成功",""
"passed","Sat Apr 02 17:38:09 CST 2022","Sat Apr 02 17:38:11 CST 2022","1577","main","testmain","TestMain","","","缺少firstname修改地址失败",""
"passed","Sat Apr 02 17:34:50 CST 2022","Sat Apr 02 17:34:51 CST 2022","1654","main","testmain","TestMain","","","错误请求方式POST查询商品详情失败",""
"passed","Sat Apr 02 17:37:41 CST 2022","Sat Apr 02 17:37:42 CST 2022","784","main","testmain","TestMain","","","参数lastname缺失新增失败",""
"broken","Sat Apr 02 17:52:09 CST 2022","Sat Apr 02 17:53:10 CST 2022","61612","main","testmain","TestMain","","","错误的请求方式查询失败POST",""
"passed","Sat Apr 02 17:49:37 CST 2022","Sat Apr 02 17:49:38 CST 2022","795","main","testmain","TestMain","","","pageNO参数错误获取通知列表失败",""
"passed","Sat Apr 02 17:35:12 CST 2022","Sat Apr 02 17:35:13 CST 2022","796","main","testmain","TestMain","","","pageSize参数值为负数查询失败",""
"passed","Sat Apr 02 17:36:18 CST 2022","Sat Apr 02 17:36:21 CST 2022","2377","main","testmain","TestMain","","","参数正确，编辑购物车成功",""
"passed","Sat Apr 02 17:37:42 CST 2022","Sat Apr 02 17:37:43 CST 2022","802","main","testmain","TestMain","","","参数contactnumber缺失新增失败",""
"passed","Sat Apr 02 17:43:39 CST 2022","Sat Apr 02 17:43:41 CST 2022","1861","main","testmain","TestMain","","","错误参数类型删除失败application/json",""
"passed","Sat Apr 02 17:47:55 CST 2022","Sat Apr 02 17:47:56 CST 2022","795","main","testmain","TestMain","","","错误的请求方式POST查询失败",""
"passed","Sat Apr 02 17:49:09 CST 2022","Sat Apr 02 17:49:10 CST 2022","788","main","testmain","TestMain","","","错误的请求类型失败multipart/form-data",""
"passed","Sat Apr 02 17:38:30 CST 2022","Sat Apr 02 17:38:32 CST 2022","1565","main","testmain","TestMain","","","area2为空修改地址失败",""
"passed","Sat Apr 02 17:33:33 CST 2022","Sat Apr 02 17:33:34 CST 2022","533","main","testmain","TestMain","","","userAccount为空请求失败",""
"passed","Sat Apr 02 17:49:35 CST 2022","Sat Apr 02 17:49:35 CST 2022","790","main","testmain","TestMain","","","错误请求方式DELETE获取通知列表失败",""
"passed","Sat Apr 02 17:49:16 CST 2022","Sat Apr 02 17:49:17 CST 2022","794","main","testmain","TestMain","","","参数integral为空兑换失败",""
"failed","Sat Apr 02 17:41:23 CST 2022","Sat Apr 02 17:41:28 CST 2022","5013","main","testmain","TestMain","","","successUrl参数为空发起订单支付失败",""
"passed","Sat Apr 02 17:39:05 CST 2022","Sat Apr 02 17:39:07 CST 2022","1570","main","testmain","TestMain","","","发送错误请求DELETE删除地址失败",""
"passed","Sat Apr 02 17:37:45 CST 2022","Sat Apr 02 17:37:45 CST 2022","794","main","testmain","TestMain","","","参数erea3缺失新增失败",""
"passed","Sat Apr 02 17:37:58 CST 2022","Sat Apr 02 17:37:59 CST 2022","801","main","testmain","TestMain","","","postalCode参数长度超过限制新增失败",""
"passed","Sat Apr 02 17:38:34 CST 2022","Sat Apr 02 17:38:35 CST 2022","1561","main","testmain","TestMain","","","postalCode为空修改地址失败",""
"passed","Sat Apr 02 17:33:54 CST 2022","Sat Apr 02 17:33:55 CST 2022","775","main","testmain","TestMain","","","content-type参数类型错误注册失败application/x-www-form-urlencoded",""
"passed","Sat Apr 02 17:43:54 CST 2022","Sat Apr 02 17:43:54 CST 2022","784","main","testmain","TestMain","","","错误的请求方式获取验证码失败",""
"passed","Sat Apr 02 17:49:30 CST 2022","Sat Apr 02 17:49:30 CST 2022","803","main","testmain","TestMain","","","错误的参数类型查询失败application/json",""
"passed","Sat Apr 02 17:43:05 CST 2022","Sat Apr 02 17:43:07 CST 2022","2086","main","testmain","TestMain","","","错误请求方式（PUT）删除商品失败",""
"passed","Sat Apr 02 17:48:12 CST 2022","Sat Apr 02 17:48:14 CST 2022","1584","main","testmain","TestMain","","","输入正确信息兑换优惠券成功",""
"passed","Sat Apr 02 17:43:01 CST 2022","Sat Apr 02 17:43:03 CST 2022","2136","main","testmain","TestMain","","","错误请求方式（GET）删除商品失败",""
"passed","Sat Apr 02 17:48:07 CST 2022","Sat Apr 02 17:48:07 CST 2022","779","main","testmain","TestMain","","","错误的请求方式DELETE查询失败",""
"passed","Sat Apr 02 17:36:43 CST 2022","Sat Apr 02 17:36:46 CST 2022","2352","main","testmain","TestMain","","","参数count为非数字编辑失败",""
"passed","Sat Apr 02 17:43:07 CST 2022","Sat Apr 02 17:43:08 CST 2022","780","main","testmain","TestMain","","","缺少参数id删除商品失败",""
"passed","Sat Apr 02 17:36:31 CST 2022","Sat Apr 02 17:36:33 CST 2022","2378","main","testmain","TestMain","","","发送错误请求方式编辑购物车失败（PUT）",""
"passed","Sat Apr 02 17:48:23 CST 2022","Sat Apr 02 17:48:24 CST 2022","793","main","testmain","TestMain","","","参数ID不存在兑换失败",""
"passed","Sat Apr 02 17:39:47 CST 2022","Sat Apr 02 17:39:50 CST 2022","3161","main","testmain","TestMain","","","list为空提交订单失败",""
"failed","Sat Apr 02 17:39:56 CST 2022","Sat Apr 02 17:40:00 CST 2022","3188","main","testmain","TestMain","","","count超过商品最大库存提交订单失败",""
"passed","Sat Apr 02 17:34:35 CST 2022","Sat Apr 02 17:34:36 CST 2022","792","main","testmain","TestMain","","","使用错误的请求方式PUT查询失败",""
"passed","Sat Apr 02 17:45:30 CST 2022","Sat Apr 02 17:45:53 CST 2022","23063","main","testmain","TestMain","","","错误请求方式DELETE修改密码失败",""
"broken","Sat Apr 02 17:54:12 CST 2022","Sat Apr 02 17:55:14 CST 2022","61617","main","testmain","TestMain","","","错误的请求方式查询失败PUT",""
"passed","Sat Apr 02 17:35:02 CST 2022","Sat Apr 02 17:35:03 CST 2022","1020","main","testmain","TestMain","","","未登录状态下查询失败",""
"passed","Sat Apr 02 17:33:31 CST 2022","Sat Apr 02 17:33:32 CST 2022","545","main","testmain","TestMain","","","使用正确账户密码登录成功",""
"passed","Sat Apr 02 17:41:05 CST 2022","Sat Apr 02 17:41:10 CST 2022","4973","main","testmain","TestMain","","","错误请求方式（PUT）发起订单支付失败",""
"passed","Sat Apr 02 17:47:58 CST 2022","Sat Apr 02 17:47:58 CST 2022","784","main","testmain","TestMain","","","参数pageno为空查询成功",""
"passed","Sat Apr 02 17:48:33 CST 2022","Sat Apr 02 17:48:33 CST 2022","526","main","testmain","TestMain","","","错误的参数请求类型领取失败application/json",""
"passed","Sat Apr 02 17:33:44 CST 2022","Sat Apr 02 17:33:45 CST 2022","814","main","testmain","TestMain","","","userAccount输入30个字符注册成功",""
"passed","Sat Apr 02 17:49:19 CST 2022","Sat Apr 02 17:49:20 CST 2022","818","main","testmain","TestMain","","","参数integral为5001兑换成功",""
"passed","Sat Apr 02 17:43:15 CST 2022","Sat Apr 02 17:43:16 CST 2022","1029","main","testmain","TestMain","","","未登录状态查询失败",""
"passed","Sat Apr 02 17:49:25 CST 2022","Sat Apr 02 17:49:26 CST 2022","782","main","testmain","TestMain","","","错误的请求方式查询失败DELETE",""
"passed","Sat Apr 02 17:43:12 CST 2022","Sat Apr 02 17:43:14 CST 2022","2101","main","testmain","TestMain","","","错误参数请求类型删除商品失败",""
"failed","Sat Apr 02 17:48:32 CST 2022","Sat Apr 02 17:48:32 CST 2022","522","main","testmain","TestMain","","","已领取账户再次领取优惠券失败",""
"passed","Sat Apr 02 17:48:31 CST 2022","Sat Apr 02 17:48:32 CST 2022","514","main","testmain","TestMain","","","参数name为空领取优惠券失败",""
"passed","Sat Apr 02 17:36:11 CST 2022","Sat Apr 02 17:36:15 CST 2022","3760","main","testmain","TestMain","","","参数类型错误新增购物车失败application/x-www-form-urlencoded",""
"passed","Sat Apr 02 17:39:03 CST 2022","Sat Apr 02 17:39:05 CST 2022","1563","main","testmain","TestMain","","","发送错误请求GET删除地址失败",""
"passed","Sat Apr 02 17:33:41 CST 2022","Sat Apr 02 17:33:42 CST 2022","799","main","testmain","TestMain","","","userAccount为空请求失败",""
"broken","Sat Apr 02 17:53:10 CST 2022","Sat Apr 02 17:54:12 CST 2022","61644","main","testmain","TestMain","","","错误的请求方式查询失败DELETE",""
"passed","Sat Apr 02 17:33:53 CST 2022","Sat Apr 02 17:33:54 CST 2022","786","main","testmain","TestMain","","","请求类型错误注册失败PUT",""
"failed","Sat Apr 02 17:50:00 CST 2022","Sat Apr 02 17:50:01 CST 2022","1258","main","testmain","TestMain","","","PageSize为非数字查询失败",""
"passed","Sat Apr 02 17:49:40 CST 2022","Sat Apr 02 17:49:41 CST 2022","809","main","testmain","TestMain","","","输入正确信息查询成功",""
"passed","Sat Apr 02 17:33:56 CST 2022","Sat Apr 02 17:33:57 CST 2022","854","main","testmain","TestMain","","","输入正确信息查询成功",""
"passed","Sat Apr 02 17:34:20 CST 2022","Sat Apr 02 17:34:21 CST 2022","798","main","testmain","TestMain","","","输入正确信息查询成功",""
"passed","Sat Apr 02 17:49:23 CST 2022","Sat Apr 02 17:49:24 CST 2022","1026","main","testmain","TestMain","","","未登录状态查询失败",""
"passed","Sat Apr 02 17:43:22 CST 2022","Sat Apr 02 17:43:23 CST 2022","790","main","testmain","TestMain","","","pageSize参数为查询成功",""
"failed","Sat Apr 02 17:39:16 CST 2022","Sat Apr 02 17:39:18 CST 2022","1574","main","testmain","TestMain","","","输入不存在TYPE删除地址失败",""
"passed","Sat Apr 02 17:48:31 CST 2022","Sat Apr 02 17:48:31 CST 2022","502","main","testmain","TestMain","","","参数缺失领取优惠券失败",""
"passed","Sat Apr 02 17:48:39 CST 2022","Sat Apr 02 17:48:40 CST 2022","785","main","testmain","TestMain","","","错误的参数请求方式获取用户信息失败",""
"passed","Sat Apr 02 17:33:33 CST 2022","Sat Apr 02 17:33:33 CST 2022","511","main","testmain","TestMain","","","password为空请求失败",""
"passed","Sat Apr 02 17:41:11 CST 2022","Sat Apr 02 17:41:16 CST 2022","4979","main","testmain","TestMain","","","缺少successUrl发起订单支付失败",""
"passed","Sat Apr 02 17:39:02 CST 2022","Sat Apr 02 17:39:03 CST 2022","1826","main","testmain","TestMain","","","未登录删除地址失败",""
"passed","Sat Apr 02 17:37:16 CST 2022","Sat Apr 02 17:37:17 CST 2022","1581","main","testmain","TestMain","","","ids为非数字删除失败",""
"passed","Sat Apr 02 17:36:26 CST 2022","Sat Apr 02 17:36:28 CST 2022","2360","main","testmain","TestMain","","","发送错误请求方式编辑购物车失败（GET）",""
"passed","Sat Apr 02 17:35:09 CST 2022","Sat Apr 02 17:35:09 CST 2022","781","main","testmain","TestMain","","","pageNO参数值为非数字查询失败",""
"passed","Sat Apr 02 17:43:19 CST 2022","Sat Apr 02 17:43:20 CST 2022","787","main","testmain","TestMain","","","无参数查询成功",""
"passed","Sat Apr 02 17:49:54 CST 2022","Sat Apr 02 17:49:54 CST 2022","797","main","testmain","TestMain","","","错误的请求方式查询失败POST",""
"passed","Sat Apr 02 17:37:37 CST 2022","Sat Apr 02 17:37:38 CST 2022","1035","main","testmain","TestMain","","","未登录状态新增地址失败",""
"passed","Sat Apr 02 17:40:39 CST 2022","Sat Apr 02 17:40:45 CST 2022","5690","main","testmain","TestMain","","","正确参数订单发起支付成功",""
"passed","Sat Apr 02 17:42:08 CST 2022","Sat Apr 02 17:42:09 CST 2022","1043","main","testmain","TestMain","","","未登录状态签到失败",""
"passed","Sat Apr 02 17:33:48 CST 2022","Sat Apr 02 17:33:49 CST 2022","816","main","testmain","TestMain","","","password6位字符注册成功",""
"failed","Sat Apr 02 17:42:49 CST 2022","Sat Apr 02 17:42:54 CST 2022","5178","main","testmain","TestMain","","","已收藏goodsid再次收藏收藏失败",""
"passed","Sat Apr 02 17:38:54 CST 2022","Sat Apr 02 17:38:54 CST 2022","779","main","testmain","TestMain","","","参数id为空修改默认地址失败",""
"passed","Sat Apr 02 17:41:22 CST 2022","Sat Apr 02 17:41:22 CST 2022","791","main","testmain","TestMain","","","orderid参数为空发起订单支付失败",""
"passed","Sat Apr 02 17:49:28 CST 2022","Sat Apr 02 17:49:29 CST 2022","783","main","testmain","TestMain","","","参数PageNo为非数字查询失败",""
"passed","Sat Apr 02 17:37:36 CST 2022","Sat Apr 02 17:37:36 CST 2022","783","main","testmain","TestMain","","","输入正确的信息新增地址成功",""
"failed","Sat Apr 02 17:36:41 CST 2022","Sat Apr 02 17:36:43 CST 2022","2442","main","testmain","TestMain","","","参数count超过商品库存编辑失败",""
"passed","Sat Apr 02 17:36:33 CST 2022","Sat Apr 02 17:36:35 CST 2022","1592","main","testmain","TestMain","","","参数id缺失编辑失败",""
"passed","Sat Apr 02 17:37:47 CST 2022","Sat Apr 02 17:37:48 CST 2022","790","main","testmain","TestMain","","","参数First Name不填新增失败",""
"passed","Sat Apr 02 17:35:13 CST 2022","Sat Apr 02 17:35:13 CST 2022","784","main","testmain","TestMain","","","pageSize参数值超出长度限制查询失败",""
"passed","Sat Apr 02 17:49:33 CST 2022","Sat Apr 02 17:49:34 CST 2022","1027","main","testmain","TestMain","","","未登录状态获取通知列表失败",""
"passed","Sat Apr 02 17:33:34 CST 2022","Sat Apr 02 17:33:35 CST 2022","523","main","testmain","TestMain","","","password参数错误请求失败",""
"passed","Sat Apr 02 17:48:30 CST 2022","Sat Apr 02 17:48:31 CST 2022","509","main","testmain","TestMain","","","错误的请求类型领取优惠券失败PUT",""
"passed","Sat Apr 02 17:48:03 CST 2022","Sat Apr 02 17:48:04 CST 2022","782","main","testmain","TestMain","","","输入错误URL查询失败",""
"passed","Sat Apr 02 17:42:54 CST 2022","Sat Apr 02 17:42:56 CST 2022","2114","main","testmain","TestMain","","","输入正确信息删除收藏夹商品成功",""
"passed","Sat Apr 02 17:37:29 CST 2022","Sat Apr 02 17:37:30 CST 2022","779","main","testmain","TestMain","","","pageNo参数为空查询失败",""
"passed","Sat Apr 02 17:49:38 CST 2022","Sat Apr 02 17:49:39 CST 2022","779","main","testmain","TestMain","","","PageSize参数错误获取通知列表失败",""
"passed","Sat Apr 02 17:48:05 CST 2022","Sat Apr 02 17:48:06 CST 2022","786","main","testmain","TestMain","","","错误的请求方式POST查询失败",""
"passed","Sat Apr 02 17:34:10 CST 2022","Sat Apr 02 17:34:11 CST 2022","785","main","testmain","TestMain","","","输入错误请求方式POST获取首页广告栏位数据失败",""
"passed","Sat Apr 02 17:34:17 CST 2022","Sat Apr 02 17:34:18 CST 2022","797","main","testmain","TestMain","","","错误的请求方式查询失败PUT",""
"passed","Sat Apr 02 17:47:30 CST 2022","Sat Apr 02 17:47:53 CST 2022","22822","main","testmain","TestMain","","","参数传递类型错误修改密码失败multipart/form-data",""
"passed","Sat Apr 02 17:33:46 CST 2022","Sat Apr 02 17:33:46 CST 2022","798","main","testmain","TestMain","","","userAccount 存在中文注册失败",""
"passed","Sat Apr 02 17:37:41 CST 2022","Sat Apr 02 17:37:41 CST 2022","789","main","testmain","TestMain","","","参数First Name缺失新增失败",""
"passed","Sat Apr 02 17:42:10 CST 2022","Sat Apr 02 17:42:11 CST 2022","786","main","testmain","TestMain","","","错误请求方式签到失败（DELETE)",""
"passed","Sat Apr 02 17:37:45 CST 2022","Sat Apr 02 17:37:46 CST 2022","786","main","testmain","TestMain","","","postalCode:缺失新增失败",""
"passed","Sat Apr 02 17:49:11 CST 2022","Sat Apr 02 17:49:12 CST 2022","775","main","testmain","TestMain","","","输入错误URL地址兑换失败",""
"passed","Sat Apr 02 17:39:27 CST 2022","Sat Apr 02 17:39:31 CST 2022","3438","main","testmain","TestMain","","","未登录状态提交订单失败",""
"passed","Sat Apr 02 17:48:02 CST 2022","Sat Apr 02 17:48:02 CST 2022","785","main","testmain","TestMain","","","参数请求类型错误查询失败multipart/form-data",""
"passed","Sat Apr 02 17:38:54 CST 2022","Sat Apr 02 17:38:55 CST 2022","796","main","testmain","TestMain","","","参数id不存在修改默认地址失败",""
"passed","Sat Apr 02 17:49:43 CST 2022","Sat Apr 02 17:49:44 CST 2022","801","main","testmain","TestMain","","","错误的请求方式查询失败POST",""
"passed","Sat Apr 02 17:36:21 CST 2022","Sat Apr 02 17:36:23 CST 2022","2392","main","testmain","TestMain","","","错误URL地址编辑购物车失败",""
"passed","Sat Apr 02 17:35:06 CST 2022","Sat Apr 02 17:35:07 CST 2022","786","main","testmain","TestMain","","","pageNO参数值为空查询失败",""
"passed","Sat Apr 02 17:48:48 CST 2022","Sat Apr 02 17:48:50 CST 2022","1860","main","testmain","TestMain","","","错误的请求类型修改失败DELETE",""
"passed","Sat Apr 02 17:37:08 CST 2022","Sat Apr 02 17:37:11 CST 2022","2373","main","testmain","TestMain","","","错误请求方式批量删除购物车商品失败（DELETE）",""
"passed","Sat Apr 02 17:42:11 CST 2022","Sat Apr 02 17:42:12 CST 2022","791","main","testmain","TestMain","","","错误请求方式签到失败（PUT)",""
"passed","Sat Apr 02 17:39:40 CST 2022","Sat Apr 02 17:39:42 CST 2022","2373","main","testmain","TestMain","","","couponsid为空提交订单成功",""
"passed","Sat Apr 02 17:40:30 CST 2022","Sat Apr 02 17:40:33 CST 2022","3156","main","testmain","TestMain","","","错误的请求方式提交订单失败（DELETE）",""
"passed","Sat Apr 02 17:36:37 CST 2022","Sat Apr 02 17:36:39 CST 2022","1561","main","testmain","TestMain","","","参数id为空编辑失败",""
"passed","Sat Apr 02 17:38:02 CST 2022","Sat Apr 02 17:38:03 CST 2022","1584","main","testmain","TestMain","","","输入正确参数修改地址成功",""
"failed","Sat Apr 02 17:48:56 CST 2022","Sat Apr 02 17:48:57 CST 2022","1843","main","testmain","TestMain","","","参数sex为非限定数字修改失败",""
"passed","Sat Apr 02 17:34:44 CST 2022","Sat Apr 02 17:34:44 CST 2022","774","main","testmain","TestMain","","","参数类型错误查询失败multipart/form-data",""
"passed","Sat Apr 02 17:49:05 CST 2022","Sat Apr 02 17:49:06 CST 2022","799","main","testmain","TestMain","","","错误的请求类型失败PUT",""
"passed","Sat Apr 02 17:37:39 CST 2022","Sat Apr 02 17:37:40 CST 2022","796","main","testmain","TestMain","","","错误的请求方式新增地址失败（DELETE）",""
"passed","Sat Apr 02 17:35:07 CST 2022","Sat Apr 02 17:35:08 CST 2022","789","main","testmain","TestMain","","","pageSize参数值为空查询失败",""
"passed","Sat Apr 02 17:34:03 CST 2022","Sat Apr 02 17:34:03 CST 2022","792","main","testmain","TestMain","","","输入错误URL地址查询失败",""
"passed","Sat Apr 02 17:37:38 CST 2022","Sat Apr 02 17:37:39 CST 2022","791","main","testmain","TestMain","","","错误的请求方式新增地址失败（GET）",""
"passed","Sat Apr 02 17:48:10 CST 2022","Sat Apr 02 17:48:11 CST 2022","797","main","testmain","TestMain","","","错误的参数类型查询失败application/json",""
"passed","Sat Apr 02 17:43:45 CST 2022","Sat Apr 02 17:43:46 CST 2022","793","main","testmain","TestMain","","","输入错误URL地址获取验证码失败",""
"passed","Sat Apr 02 17:40:00 CST 2022","Sat Apr 02 17:40:03 CST 2022","3162","main","testmain","TestMain","","","shopCartId不存在提交订单失败",""
"failed","Sat Apr 02 17:33:42 CST 2022","Sat Apr 02 17:33:42 CST 2022","798","main","testmain","TestMain","","","password为空请求失败",""
"passed","Sat Apr 02 17:47:54 CST 2022","Sat Apr 02 17:47:55 CST 2022","1021","main","testmain","TestMain","","","未登录状态查询失败",""
"passed","Sat Apr 02 17:41:00 CST 2022","Sat Apr 02 17:41:05 CST 2022","4986","main","testmain","TestMain","","","错误请求方式（DELETE）发起订单支付失败",""
"passed","Sat Apr 02 17:43:20 CST 2022","Sat Apr 02 17:43:21 CST 2022","784","main","testmain","TestMain","","","pagesize参数错误查询失败",""
"passed","Sat Apr 02 17:34:30 CST 2022","Sat Apr 02 17:34:31 CST 2022","779","main","testmain","TestMain","","","错误的参数请求方式查询路由失败application/json",""
"failed","Sat Apr 02 17:41:16 CST 2022","Sat Apr 02 17:41:22 CST 2022","5704","main","testmain","TestMain","","","缺少cancelURL发起订单支付失败",""
"passed","Sat Apr 02 17:48:54 CST 2022","Sat Apr 02 17:48:56 CST 2022","1833","main","testmain","TestMain","","","生日日期输入异常日期修改失败",""
"passed","Sat Apr 02 17:47:59 CST 2022","Sat Apr 02 17:48:00 CST 2022","787","main","testmain","TestMain","","","参数pageno错误查询失败",""
"passed","Sat Apr 02 17:35:10 CST 2022","Sat Apr 02 17:35:11 CST 2022","788","main","testmain","TestMain","","","pageNO参数值超出长度限制查询失败",""
"passed","Sat Apr 02 17:49:17 CST 2022","Sat Apr 02 17:49:17 CST 2022","781","main","testmain","TestMain","","","参数intergral为非数字兑换失败",""
"passed","Sat Apr 02 17:43:35 CST 2022","Sat Apr 02 17:43:37 CST 2022","1862","main","testmain","TestMain","","","错误请求方式删除失败PUT",""
"passed","Sat Apr 02 17:48:38 CST 2022","Sat Apr 02 17:48:39 CST 2022","796","main","testmain","TestMain","","","错误请求方式PUT获取用户信息失败",""
"passed","Sat Apr 02 17:36:28 CST 2022","Sat Apr 02 17:36:31 CST 2022","2373","main","testmain","TestMain","","","发送错误请求方式编辑购物车失败（DELETE）",""
"passed","Sat Apr 02 17:38:29 CST 2022","Sat Apr 02 17:38:30 CST 2022","1607","main","testmain","TestMain","","","area1为空修改地址失败",""
"passed","Sat Apr 02 17:35:04 CST 2022","Sat Apr 02 17:35:05 CST 2022","788","main","testmain","TestMain","","","请求错误查询失败（DELETE）",""
"passed","Sat Apr 02 17:34:15 CST 2022","Sat Apr 02 17:34:16 CST 2022","777","main","testmain","TestMain","","","输入错误URL查询失败",""
"passed","Sat Apr 02 17:34:18 CST 2022","Sat Apr 02 17:34:19 CST 2022","852","main","testmain","TestMain","","","错误的请求类型查询失败application/json",""
"passed","Sat Apr 02 17:33:55 CST 2022","Sat Apr 02 17:33:55 CST 2022","797","main","testmain","TestMain","","","content-type参数类型错误注册失败multipart/form-data",""
"passed","Sat Apr 02 17:33:55 CST 2022","Sat Apr 02 17:33:56 CST 2022","787","main","testmain","TestMain","","","使用已注册的userAccount注册失败",""
"passed","Sat Apr 02 17:34:28 CST 2022","Sat Apr 02 17:34:29 CST 2022","775","main","testmain","TestMain","","","错误请求方式POST查询路由失败",""
"passed","Sat Apr 02 17:37:30 CST 2022","Sat Apr 02 17:37:31 CST 2022","793","main","testmain","TestMain","","","pageSize参数为非数字查询失败",""
"passed","Sat Apr 02 17:43:41 CST 2022","Sat Apr 02 17:43:43 CST 2022","1829","main","testmain","TestMain","","","错误参数类型删除失败multipart/form-data",""
"passed","Sat Apr 02 17:33:37 CST 2022","Sat Apr 02 17:33:37 CST 2022","515","main","testmain","TestMain","","","请求类型错误请求失败DELETE",""
"passed","Sat Apr 02 17:48:37 CST 2022","Sat Apr 02 17:48:38 CST 2022","786","main","testmain","TestMain","","","错误请求方式DELETE获取用户信息失败",""
"passed","Sat Apr 02 17:39:42 CST 2022","Sat Apr 02 17:39:44 CST 2022","2411","main","testmain","TestMain","","","addressid不存在提交订单失败",""
"passed","Sat Apr 02 17:37:54 CST 2022","Sat Apr 02 17:37:55 CST 2022","827","main","testmain","TestMain","","","参数lastname参数长度超过限制新增失败",""
"passed","Sat Apr 02 17:42:32 CST 2022","Sat Apr 02 17:42:36 CST 2022","3728","main","testmain","TestMain","","","错误请求方式添加商品到收藏栏失败（DELETE）",""
"passed","Sat Apr 02 17:48:02 CST 2022","Sat Apr 02 17:48:03 CST 2022","800","main","testmain","TestMain","","","输入正确信息查询成功",""
"passed","Sat Apr 02 17:38:27 CST 2022","Sat Apr 02 17:38:29 CST 2022","1571","main","testmain","TestMain","","","contactnumber为空修改地址失败",""
"passed","Sat Apr 02 17:35:03 CST 2022","Sat Apr 02 17:35:04 CST 2022","786","main","testmain","TestMain","","","请求错误查询失败（POST）",""
"passed","Sat Apr 02 17:34:36 CST 2022","Sat Apr 02 17:34:37 CST 2022","980","main","testmain","TestMain","","","输入全称查询到指定产品成功",""
"passed","Sat Apr 02 17:50:01 CST 2022","Sat Apr 02 17:50:02 CST 2022","1238","main","testmain","TestMain","","","错误的参数类型查询失败application/json",""
"passed","Sat Apr 02 17:36:03 CST 2022","Sat Apr 02 17:36:07 CST 2022","3802","main","testmain","TestMain","","","goodsid为非数字型新增失败",""
"passed","Sat Apr 02 17:41:57 CST 2022","Sat Apr 02 17:42:02 CST 2022","5013","main","testmain","TestMain","","","参数类型错误发起订单支付失败application/x-www-form-urlencoded",""
"failed","Sat Apr 02 17:43:08 CST 2022","Sat Apr 02 17:43:09 CST 2022","786","main","testmain","TestMain","","","id为空删除商品失败",""
"failed","Sat Apr 02 17:42:58 CST 2022","Sat Apr 02 17:43:01 CST 2022","2388","main","testmain","TestMain","","","未登录状态删除商品失败",""
"passed","Sat Apr 02 17:43:15 CST 2022","Sat Apr 02 17:43:15 CST 2022","785","main","testmain","TestMain","","","输入错误URL查询失败",""
"passed","Sat Apr 02 17:37:17 CST 2022","Sat Apr 02 17:37:19 CST 2022","1590","main","testmain","TestMain","","","不存在ids删除失败",""
"passed","Sat Apr 02 17:49:39 CST 2022","Sat Apr 02 17:49:40 CST 2022","784","main","testmain","TestMain","","","参数请求方式错误获取通知列表失败",""
"passed","Sat Apr 02 17:48:00 CST 2022","Sat Apr 02 17:48:01 CST 2022","768","main","testmain","TestMain","","","参数pagesize错误查询失败",""
"passed","Sat Apr 02 17:43:18 CST 2022","Sat Apr 02 17:43:19 CST 2022","779","main","testmain","TestMain","","","错误的请求方式PUT查询失败",""
"passed","Sat Apr 02 17:38:46 CST 2022","Sat Apr 02 17:38:47 CST 2022","1567","main","testmain","TestMain","","","输入错误URL地址修改默认地址失败",""
"passed","Sat Apr 02 17:48:40 CST 2022","Sat Apr 02 17:48:41 CST 2022","784","main","testmain","TestMain","","","错误的参数请求方式获取用户信息失败",""
"passed","Sat Apr 02 17:38:32 CST 2022","Sat Apr 02 17:38:34 CST 2022","1601","main","testmain","TestMain","","","area3为空修改地址失败",""
"passed","Sat Apr 02 17:48:33 CST 2022","Sat Apr 02 17:48:34 CST 2022","504","main","testmain","TestMain","","","错误的参数请求类型领取失败multipart/form-data",""
"passed","Sat Apr 02 17:48:25 CST 2022","Sat Apr 02 17:48:27 CST 2022","1589","main","testmain","TestMain","","","错误的参数请求类型兑换失败application/x-www-form-urlencoded",""
"failed","Sat Apr 02 17:38:11 CST 2022","Sat Apr 02 17:38:12 CST 2022","1577","main","testmain","TestMain","","","缺少lastname修改地址失败",""
"passed","Sat Apr 02 17:37:43 CST 2022","Sat Apr 02 17:37:44 CST 2022","797","main","testmain","TestMain","","","参数erea1缺失新增失败",""
"passed","Sat Apr 02 17:33:32 CST 2022","Sat Apr 02 17:33:32 CST 2022","521","main","testmain","TestMain","","","缺少password参数请求失败",""
"passed","Sat Apr 02 17:49:44 CST 2022","Sat Apr 02 17:49:44 CST 2022","784","main","testmain","TestMain","","","错误的请求方式查询失败DELETE",""
"passed","Sat Apr 02 17:49:50 CST 2022","Sat Apr 02 17:49:51 CST 2022","1259","main","testmain","TestMain","","","输入正确信息查询成功",""
"passed","Sat Apr 02 17:43:21 CST 2022","Sat Apr 02 17:43:22 CST 2022","783","main","testmain","TestMain","","","pageNO参数为空查询成功",""
"passed","Sat Apr 02 17:48:06 CST 2022","Sat Apr 02 17:48:07 CST 2022","789","main","testmain","TestMain","","","错误的请求方式PUT查询失败",""
"passed","Sat Apr 02 17:49:21 CST 2022","Sat Apr 02 17:49:22 CST 2022","819","main","testmain","TestMain","","","输入正确信息查询成功",""
"passed","Sat Apr 02 17:38:03 CST 2022","Sat Apr 02 17:38:05 CST 2022","1818","main","testmain","TestMain","","","未登录状态修改地址失败",""
"passed","Sat Apr 02 17:42:09 CST 2022","Sat Apr 02 17:42:10 CST 2022","795","main","testmain","TestMain","","","错误请求方式签到失败（POST)",""
"passed","Sat Apr 02 17:49:30 CST 2022","Sat Apr 02 17:49:31 CST 2022","781","main","testmain","TestMain","","","错误的参数类型查询失败multipart/form-data",""
